asset_id,asset_tag,asset_name,asset_type,manufacturer,model,serial_number,location_id,criticality,installation_date,operating_status
CP-400,TAG-UTL-001,Cooling Water Pump A,centrifugal pump,FlowMaster,CM-500,SN-99210,LOC-UTL-01,CRITICAL,2021-05-15,RUNNING
CP-401,TAG-UTL-002,Cooling Water Pump B,centrifugal pump,FlowMaster,CM-500,SN-99211,LOC-UTL-01,CRITICAL,2021-05-15,RUNNING
CP-402,TAG-UTL-003,Chilled Water Pump,centrifugal pump,FlowMaster,CM-600,SN-99212,LOC-UTL-01,NON_CRITICAL,2022-01-10,STOPPED
COMP-01,TAG-UTL-010,Main Air Compressor 1,compressor,AirDyne,AD-1000,SN-88100,LOC-UTL-02,CRITICAL,2020-11-20,RUNNING
COMP-02,TAG-UTL-011,Backup Air Compressor,compressor,AirDyne,AD-1000,SN-88101,LOC-UTL-02,NON_CRITICAL,2020-11-20,RUNNING
CONV-01,TAG-ASM-012,Main Assembly Conveyor 1,conveyor,MotionTech,MT-Belt-X,SN-11023,LOC-ASM-01,CRITICAL,2022-11-01,RUNNING
CONV-02,TAG-ASM-013,Main Assembly Conveyor 2,conveyor,MotionTech,MT-Belt-X,SN-11024,LOC-ASM-02,CRITICAL,2022-11-01,RUNNING
CONV-03,TAG-ASM-014,Assembly Transfer Line,conveyor,MotionTech,MT-Roller-Y,SN-11025,LOC-ASM-03,NON_CRITICAL,2022-11-01,UNDER_MAINTENANCE
ROB-01,TAG-ASM-020,Welding Robot Cell A,robotic arm,CyberMech,WeldPro-9,SN-33441,LOC-ASM-04,CRITICAL,2023-05-10,RUNNING
VFD-01,TAG-MCH-044,Spindle Drive VFD A,VFD,PowerSys,VFD-10K,SN-88441,LOC-MCH-01,CRITICAL,2023-02-10,RUNNING
VFD-02,TAG-MCH-045,Spindle Drive VFD B,VFD,PowerSys,VFD-10K,SN-88442,LOC-MCH-02,CRITICAL,2023-02-10,STOPPED
CNC-01,TAG-MCH-050,3-Axis Mill A,CNC machine,MachiCorp,Mill-3X,SN-77210,LOC-MCH-01,CRITICAL,2019-08-15,RUNNING
CNC-02,TAG-MCH-051,3-Axis Mill B,CNC machine,MachiCorp,Mill-3X,SN-77211,LOC-MCH-02,CRITICAL,2019-08-15,OUT_OF_SERVICE
LATHE-01,TAG-MCH-060,CNC Lathe A,CNC machine,MachiCorp,Lathe-5X,SN-77300,LOC-MCH-03,CRITICAL,2020-04-12,RUNNING
PR-01,TAG-FAB-001,Hydraulic Press 100T,hydraulic press,PressMaster,HP-100,SN-55100,LOC-FAB-01,CRITICAL,2018-10-05,RUNNING
PR-02,TAG-FAB-002,Hydraulic Press 50T,hydraulic press,PressMaster,HP-50,SN-55101,LOC-FAB-02,NON_CRITICAL,2018-10-05,RUNNING
HPU-01,TAG-FAB-010,Main Hydraulic Power Unit,hydraulic power unit,FluidDyne,HPU-200,SN-66220,LOC-FAB-01,CRITICAL,2018-10-05,RUNNING
PKG-01,TAG-PKG-001,Carton Sealer A,packaging machine,PackTech,CS-200,SN-44101,LOC-PKG-01,CRITICAL,2021-07-22,RUNNING
PKG-02,TAG-PKG-002,Carton Sealer B,packaging machine,PackTech,CS-200,SN-44102,LOC-PKG-02,CRITICAL,2021-07-22,RUNNING
PKG-03,TAG-PKG-003,Stretch Wrapper,packaging machine,WrapPro,SW-500,SN-44200,LOC-PKG-03,NON_CRITICAL,2021-08-15,RUNNING
MTR-01,TAG-UTL-020,Cooling Tower Fan Motor,induction motor,VoltDrive,AC-50HP,SN-22101,LOC-UTL-01,CRITICAL,2020-03-10,RUNNING
MTR-02,TAG-UTL-021,Exhaust Fan Motor,induction motor,VoltDrive,AC-20HP,SN-22102,LOC-UTL-01,NON_CRITICAL,2020-03-10,RUNNING
TRF-01,TAG-UTL-030,Main Plant Transformer,transformer,PowerGrid,TR-1MVA,SN-11001,LOC-UTL-01,CRITICAL,2015-01-10,RUNNING
MCC-01,TAG-UTL-031,Main Motor Control Center,MCC panel,PowerSys,MCC-800,SN-11005,LOC-UTL-01,CRITICAL,2015-01-10,RUNNING
PT-01,TAG-UTL-040,Compressor Discharge Pressure,pressure transmitter,SenseCorp,PT-100,SN-33010,LOC-UTL-02,CRITICAL,2020-11-20,RUNNING
TT-01,TAG-UTL-041,Cooling Water Temp Sensor,temperature sensor,SenseCorp,TT-200,SN-33020,LOC-UTL-01,CRITICAL,2021-05-15,RUNNING
VT-01,TAG-UTL-042,Pump A Vibration Sensor,vibration sensor,SenseCorp,VT-50,SN-33030,LOC-UTL-01,NON_CRITICAL,2021-05-15,RUNNING
FT-01,TAG-UTL-043,Main Water Flow Meter,flow meter,FlowSense,FM-500,SN-33040,LOC-UTL-01,CRITICAL,2021-05-15,RUNNING
GB-01,TAG-ASM-050,Conveyor 1 Gearbox,gearbox,TorqueTech,GB-10,SN-55010,LOC-ASM-01,CRITICAL,2022-11-01,RUNNING
GB-02,TAG-ASM-051,Conveyor 2 Gearbox,gearbox,TorqueTech,GB-10,SN-55011,LOC-ASM-02,CRITICAL,2022-11-01,RUNNING