inspection_id,asset_id,pm_execution_id,inspection_type,performed_at,performed_by,finding,measurement,measurement_unit,severity,status
INSP-001,CP-400,PME-100,VIBRATION_INSPECTION,2025-01-10T08:30:00,TECH-001,Vibration level increased compared with previous inspection. Abnormal noise.,8.7,mm/s,MAJOR,NEEDS_ACTION
INSP-002,CONV-01,PME-101,VISUAL_INSPECTION,2025-01-11T10:15:00,TECH-008,Belt tracking normally. Lubrication applied.,, ,NORMAL,CLOSED
INSP-003,VFD-01,PME-102,ELECTRICAL_INSPECTION,2025-01-14T09:00:00,TECH-004,Dust accumulation on heat sink. Fans operating normally.,, ,MINOR,CLOSED
INSP-004,PR-01,PME-104,HYDRAULIC_INSPECTION,2025-01-16T14:30:00,TECH-002,Slight weeping from main cylinder rod seal. Needs monitoring.,, ,MODERATE,NEEDS_ACTION
INSP-005,TRF-01,PME-105,ELECTRICAL_INSPECTION,2025-01-22T10:00:00,TECH-006,Hot spot detected on phase B secondary terminal.,85,C,CRITICAL,NEEDS_ACTION
INSP-006,COMP-01,PME-102,VISUAL_INSPECTION,2025-01-21T10:30:00,TECH-008,Air intake housing clean after filter service. No oil carryover observed.,0,visible defects,NORMAL,CLOSED
INSP-007,CNC-01,PME-105,VISUAL_INSPECTION,2025-01-10T15:20:00,TECH-009,Way oil level restored. Slide surfaces show an even oil film.,100,percent sight glass,NORMAL,CLOSED
INSP-008,CNC-01,PME-106,VISUAL_INSPECTION,2025-01-17T15:35:00,TECH-009,Way oil film is present but thin near the X-axis travel limit. Recheck at next service.,22,percent reservoir level,MINOR,NEEDS_ACTION
INSP-009,PR-01,PME-108,HYDRAULIC_INSPECTION,2025-01-16T15:45:00,TECH-002,Pressure decays during a held load. Fine oil film is visible at the cylinder rod seal.,142,bar,MAJOR,NEEDS_ACTION
INSP-010,PKG-01,PME-110,VISUAL_INSPECTION,2025-01-05T10:20:00,TECH-008,Pneumatic tubing seated and cylinder cycle is smooth. No audible leak under normal pressure.,6.0,bar,NORMAL,CLOSED
INSP-011,GB-01,PME-111,VIBRATION_INSPECTION,2025-01-20T12:20:00,TECH-001,Gearbox temperature is near the upper normal band. Oil level is correct and no tooth noise is heard.,72,C,MINOR,NEEDS_ACTION
INSP-012,MCC-01,PME-113,ELECTRICAL_INSPECTION,2025-01-10T11:20:00,TECH-006,Phase B termination shows heat discoloration under thermal scan. Other phases remain balanced.,91,C,CRITICAL,NEEDS_ACTION
INSP-013,ROB-01,PME-116,VISUAL_INSPECTION,2025-01-16T09:20:00,TECH-005,Home-position bracket is intact but the limit target has visible wear. Repeatability should be checked.,1.8,mm target wear,MODERATE,NEEDS_ACTION
INSP-014,CONV-02,PME-118,VISUAL_INSPECTION,2025-01-14T10:20:00,TECH-008,Drive chain lubrication is even and belt tracking remains centered through a loaded cycle.,0,mm tracking offset,NORMAL,CLOSED
INSP-015,CNC-02,PME-119,VISUAL_INSPECTION,2025-01-07T15:20:00,TECH-009,Way covers intact and lubrication lines clear. No restriction found before the machine was taken out of service.,100,percent lines clear,NORMAL,CLOSED
INSP-016,PKG-02,PME-120,VISUAL_INSPECTION,2025-01-22T11:45:00,TECH-002,Cylinder return is slightly slower than the adjacent station but sealing and pressure are stable.,1.4,seconds return time,MINOR,NEEDS_ACTION
INSP-017,CP-401,,VIBRATION_INSPECTION,2025-01-27T09:00:00,TECH-001,Drive-end vibration is close to the monitoring band. Bearing temperature and coupling guard condition are acceptable.,6.9,mm/s,MINOR,NEEDS_ACTION
INSP-018,CP-402,,VIBRATION_INSPECTION,2025-01-28T10:15:00,TECH-003,Operator described the standby pump as rough during rotation. Measured vibration is within tolerance and no bearing noise is present.,2.6,mm/s,NORMAL,CLOSED
INSP-019,VFD-02,,ELECTRICAL_INSPECTION,2025-01-28T13:30:00,TECH-004,Panel is isolated as expected. Dust is present on the intake grille but terminals are tight and no heat marks are visible.,0,loose terminals,MINOR,NEEDS_ACTION
INSP-020,HPU-01,,HYDRAULIC_INSPECTION,2025-01-22T08:15:00,TECH-002,Return filter differential is elevated and a puddle is forming below the reservoir. Fluid level is falling.,3.2,bar differential,CRITICAL,NEEDS_ACTION
INSP-021,PT-01,,VISUAL_INSPECTION,2025-01-18T12:30:00,TECH-005,Pressure indication fluctuates while the compressor discharge gauge remains steady. Impulse tubing is dry and undamaged.,4.8,percent signal variation,MODERATE,NEEDS_ACTION
INSP-022,TT-01,,VISUAL_INSPECTION,2025-01-19T10:00:00,TECH-007,Temperature indication was reported as hot after a shift change. Comparison with the local reference is within the acceptance band.,0.4,C deviation,NORMAL,CLOSED
INSP-023,FT-01,,VISUAL_INSPECTION,2025-01-23T07:45:00,TECH-007,SCADA trend appears noisy but the meter agrees with the portable reference and flow is steady at the process line.,0.2,percent deviation,NORMAL,CLOSED
INSP-024,MTR-01,,ELECTRICAL_INSPECTION,2025-01-24T07:30:00,TECH-004,Motor was described as hot during shift change. Thermography is below alarm and phase currents are balanced.,78,C,NORMAL,CLOSED
INSP-025,MTR-02,,ELECTRICAL_INSPECTION,2025-01-24T08:00:00,TECH-006,Exhaust fan insulation test is stable. Slight surface dust does not obstruct the cooling path.,2.4,megaohm,NORMAL,CLOSED
INSP-026,TRF-01,,ELECTRICAL_INSPECTION,2025-02-03T10:30:00,TECH-006,Follow-up scan finds the previous phase B hot area reduced after attention. Temperature remains near the monitoring threshold.,74,C,MINOR,NEEDS_ACTION
INSP-027,CONV-03,,VISUAL_INSPECTION,2025-02-04T09:15:00,TECH-003,Belt edge shows progressive fraying near a transfer roller. Tracking is still centered but the wear trend requires planned correction.,3,mm edge loss,MODERATE,NEEDS_ACTION
INSP-028,LATHE-01,,VISUAL_INSPECTION,2025-02-05T11:00:00,TECH-010,Chuck guard interlock operates correctly. A brief noise reported at startup was not reproduced during the inspection.,0,interlock faults,NORMAL,CLOSED
INSP-029,PR-02,,HYDRAULIC_INSPECTION,2025-02-06T13:00:00,TECH-002,Press holds test load without pressure drift. Hose jackets are dry and reservoir level is normal.,150,bar,NORMAL,CLOSED
INSP-030,COMP-02,,VIBRATION_INSPECTION,2025-02-07T09:30:00,TECH-003,Backup compressor vibration is stable across unloaded and loaded checks. No knocking is heard at the drive end.,4.8,mm/s,NORMAL,CLOSED
INSP-031,PKG-03,,VISUAL_INSPECTION,2025-02-08T10:45:00,TECH-008,Film carriage roller has light scoring. Product tracking remains acceptable but inspect the roller at the next planned stop.,0.6,mm groove depth,MINOR,NEEDS_ACTION
INSP-032,GB-02,,VIBRATION_INSPECTION,2025-02-09T08:30:00,TECH-001,Gearbox oil level and casing temperature are normal. A faint noise reported by the operator was not present under load.,4.1,mm/s,NORMAL,CLOSED
INSP-033,VFD-01,,ELECTRICAL_INSPECTION,2025-02-10T11:15:00,TECH-004,Cooling fans run normally and heat sink temperature is below the warning band. Fault history shows no new overcurrent events.,58,C,NORMAL,CLOSED
INSP-034,CNC-01,,VISUAL_INSPECTION,2025-02-11T14:00:00,TECH-009,Way oil consumption is higher than the prior check. No leak is visible but lubrication delivery should be observed during production.,18,percent reservoir level,MODERATE,NEEDS_ACTION
INSP-035,CP-400,,VIBRATION_INSPECTION,2025-02-14T08:30:00,TECH-001,Drive-end vibration has increased with a repeating bearing frequency. Coupling guard is intact but immediate corrective attention is warranted.,11.6,mm/s,CRITICAL,NEEDS_ACTION
