item_id,part_number,description,brand,category,material_type,stock_type,unit_of_measure,quantity_on_hand,quantity_reserved,safety_stock,reorder_level,reorder_quantity,lead_time_days,preferred_supplier_id,criticality
P-101,6204-2RS,6204-2RS Sealed Bearing,NSK,MECHANICAL,SPARE_PART,INVENTORY,EACH,15,0,5,10,20,14,SUP-001,NON_CRITICAL
P-102,6205-2RS,6205-2RS Sealed Bearing,NSK,MECHANICAL,SPARE_PART,INVENTORY,EACH,2,1,4,5,10,14,SUP-001,CRITICAL
P-103,6305-2RS,6305-2RS Sealed Bearing,NSK,MECHANICAL,SPARE_PART,INVENTORY,EACH,12,0,5,8,15,14,SUP-001,NON_CRITICAL
P-104,BRG-GEN-01,Generic 6205 Bearing,Generic,MECHANICAL,SPARE_PART,INVENTORY,EACH,20,0,5,10,20,7,SUP-001,NON_CRITICAL
P-201,FLT-100,Hydraulic Return Filter,Parker,CONSUMABLE,CONSUMABLE,INVENTORY,EACH,3,0,10,12,20,5,SUP-003,NON_CRITICAL
P-202,FLT-200,Air Compressor Intake Filter,AirDyne,CONSUMABLE,CONSUMABLE,INVENTORY,EACH,8,2,4,6,12,10,SUP-003,CRITICAL
P-301,PRX-12,12mm Proximity Sensor,Sick,INSTRUMENTATION,SPARE_PART,INVENTORY,EACH,8,0,2,3,5,7,SUP-006,NON_CRITICAL
P-302,PT-100-REP,Pressure Transmitter Cartridge,SenseCorp,INSTRUMENTATION,SPARE_PART,INVENTORY,EACH,1,0,1,2,3,14,SUP-006,CRITICAL
P-401,VFD-FUSE-50,50A Fast Blow Fuse,Bussmann,ELECTRICAL,SPARE_PART,INVENTORY,EACH,50,5,10,20,50,5,SUP-002,NON_CRITICAL
P-402,CON-100,100A 3-Phase Contactor,Schneider,ELECTRICAL,SPARE_PART,INVENTORY,EACH,4,0,2,3,5,10,SUP-002,CRITICAL
P-501,LUB-AW68,AW68 Hydraulic Oil,Mobil,CONSUMABLE,CONSUMABLE,INVENTORY,LITRE,200,0,50,100,200,3,SUP-004,NON_CRITICAL
P-502,GRS-EP2,EP2 Lithium Grease,Shell,CONSUMABLE,CONSUMABLE,INVENTORY,KG,45,5,10,20,50,3,SUP-004,NON_CRITICAL
P-601,SEAL-CM500,Mechanical Seal Kit for CM-500,FlowMaster,MECHANICAL,SPARE_PART,INVENTORY,EACH,3,1,2,3,5,21,SUP-003,CRITICAL
P-602,SEAL-CM600,Mechanical Seal Kit for CM-600,FlowMaster,MECHANICAL,SPARE_PART,INVENTORY,EACH,5,0,1,2,4,21,SUP-003,NON_CRITICAL
P-701,BLT-A42,A42 V-Belt,Gates,MECHANICAL,SPARE_PART,INVENTORY,EACH,12,2,4,6,10,5,SUP-001,NON_CRITICAL
P-702,BLT-B50,B50 V-Belt,Gates,MECHANICAL,SPARE_PART,INVENTORY,EACH,8,0,4,6,10,5,SUP-001,NON_CRITICAL
P-801,VLV-PN-14,1/4' Pneumatic Solenoid Valve,Festo,MECHANICAL,SPARE_PART,INVENTORY,EACH,15,0,5,8,15,7,SUP-003,NON_CRITICAL
P-802,CYL-50X100,50x100mm Pneumatic Cylinder,SMC,MECHANICAL,SPARE_PART,INVENTORY,EACH,2,0,1,2,4,14,SUP-003,NON_CRITICAL
P-901,CBL-4C-1.5,4-Core 1.5sqmm Cable,Lapp,ELECTRICAL,CONSUMABLE,INVENTORY,METER,500,50,100,200,500,7,SUP-002,NON_CRITICAL
P-902,CBL-CAT6,CAT6 Industrial Ethernet Cable,Belden,ELECTRICAL,CONSUMABLE,INVENTORY,METER,300,0,50,100,300,7,SUP-002,NON_CRITICAL
P-1001,RLY-24DC,24VDC Control Relay,Omron,ELECTRICAL,SPARE_PART,INVENTORY,EACH,25,0,10,15,30,5,SUP-002,NON_CRITICAL
P-1002,PSU-24V-5A,24V 5A Power Supply,MeanWell,ELECTRICAL,SPARE_PART,INVENTORY,EACH,6,0,2,3,5,7,SUP-002,CRITICAL
P-1101,GB-OIL-220,Gear Oil VG220,Mobil,CONSUMABLE,CONSUMABLE,INVENTORY,LITRE,100,0,20,40,100,3,SUP-004,NON_CRITICAL
P-1102,CLN-BRK,Brake Cleaner Spray,Wurth,CONSUMABLE,CONSUMABLE,INVENTORY,PACK,24,0,10,12,24,3,SUP-004,NON_CRITICAL
P-1201,CPL-JAW-L90,L90 Jaw Coupling Element,Lovejoy,MECHANICAL,SPARE_PART,INVENTORY,EACH,8,0,2,4,10,7,SUP-005,NON_CRITICAL
P-1202,CPL-GRD-10,Grid Coupling Hub #10,Falk,MECHANICAL,SPARE_PART,INVENTORY,EACH,1,0,1,2,2,21,SUP-005,CRITICAL
P-1301,MTR-FAN-AC,Cooling Fan for AC Motor,Generic,ELECTRICAL,SPARE_PART,INVENTORY,EACH,4,0,1,2,5,10,SUP-002,NON_CRITICAL
P-1302,VFD-KPD,VFD Replacement Keypad,PowerSys,ELECTRICAL,SPARE_PART,INVENTORY,EACH,2,0,1,1,2,14,SUP-002,NON_CRITICAL
P-1401,O-RING-KIT,Standard O-Ring Assortment,Parker,CONSUMABLE,CONSUMABLE,INVENTORY,PACK,5,0,2,3,5,5,SUP-003,NON_CRITICAL
P-1402,WIP-IND,Industrial Wipes,Kimberly,CONSUMABLE,CONSUMABLE,INVENTORY,PACK,50,0,10,20,50,3,SUP-004,NON_CRITICAL