item_id,location_id,quantity
P-101,LOC-WH-01,10
P-101,LOC-WH-02,5
P-102,LOC-WH-01,2
P-103,LOC-WH-01,12
P-104,LOC-WH-01,20
P-201,LOC-WH-01,3
P-202,LOC-WH-01,8
P-301,LOC-WH-02,8
P-302,LOC-WH-02,1
P-401,LOC-WH-01,50
P-402,LOC-WH-02,4
P-501,LOC-WH-01,200
P-502,LOC-WH-01,20
P-502,LOC-WH-02,25
P-601,LOC-WH-01,3
P-602,LOC-WH-01,5
P-701,LOC-WH-01,12
P-702,LOC-WH-01,8
P-801,LOC-WH-01,15
P-802,LOC-WH-01,2
P-901,LOC-WH-01,500
P-902,LOC-WH-01,300
P-1001,LOC-WH-01,25
P-1002,LOC-WH-01,6
P-1101,LOC-WH-01,100
P-1102,LOC-WH-01,24
P-1201,LOC-WH-01,8
P-1202,LOC-WH-01,1
P-1301,LOC-WH-01,4
P-1302,LOC-WH-01,2
P-1401,LOC-WH-01,2
P-1401,LOC-WH-02,3
P-1402,LOC-WH-01,25
P-1402,LOC-WH-02,25