maintenance_event_id,asset_id,work_order_id,event_date,failure_mode,failure_cause,downtime_minutes
MH-0000,GB-01,WO-1000,2025-01-15T23:00:00,UNKNOWN,NORMAL_WEAR,60
MH-0001,COMP-02,WO-1001,2025-04-27T04:00:00,UNKNOWN,NORMAL_WEAR,120
MH-0002,CNC-01,WO-1002,2025-10-09T02:00:00,UNKNOWN,NORMAL_WEAR,120
MH-0003,PKG-01,WO-1003,2025-01-19T00:00:00,UNKNOWN,NORMAL_WEAR,30
MH-0004,FT-01,WO-1004,2025-05-02T16:00:00,UNKNOWN,NORMAL_WEAR,120
MH-0005,GB-02,WO-1005,2025-10-17T06:00:00,UNKNOWN,NORMAL_WEAR,120
MH-0006,PKG-02,WO-1006,2025-04-25T14:00:00,UNKNOWN,NORMAL_WEAR,120
MH-0007,CONV-02,WO-1007,2025-01-06T05:00:00,BEARING_FAILURE,NORMAL_WEAR,120
MH-0008,PR-02,WO-1008,2025-06-26T08:00:00,UNKNOWN,NORMAL_WEAR,30
MH-0009,VFD-02,WO-1009,2025-06-24T03:00:00,UNKNOWN,NORMAL_WEAR,30
MH-0010,MTR-01,WO-1010,2025-02-21T11:00:00,UNKNOWN,NORMAL_WEAR,60
MH-0011,CP-400,WO-1011,2025-05-18T01:00:00,MOTOR_OVERHEATING,NORMAL_WEAR,120
MH-0012,CONV-03,WO-1012,2025-10-04T03:00:00,BEARING_FAILURE,NORMAL_WEAR,60
MH-0013,PKG-01,WO-1013,2025-10-12T09:00:00,UNKNOWN,NORMAL_WEAR,120
MH-0014,CONV-01,WO-1014,2025-10-25T06:00:00,BEARING_FAILURE,NORMAL_WEAR,120
MH-0015,FT-01,WO-1015,2025-01-26T21:00:00,UNKNOWN,NORMAL_WEAR,30
MH-0016,COMP-02,WO-1016,2025-02-12T07:00:00,UNKNOWN,NORMAL_WEAR,30
MH-0017,PKG-03,WO-1017,2025-05-25T14:00:00,UNKNOWN,NORMAL_WEAR,120
MH-0018,MTR-01,WO-1018,2025-03-27T11:00:00,UNKNOWN,NORMAL_WEAR,60
MH-0019,CONV-03,WO-1019,2025-05-19T22:00:00,BELT_MISALIGNMENT,NORMAL_WEAR,120
MH-0020,CP-400,WO-1020,2025-02-08T19:00:00,MOTOR_OVERHEATING,NORMAL_WEAR,120
MH-0021,PKG-02,WO-1021,2025-10-03T23:00:00,UNKNOWN,NORMAL_WEAR,30
MH-0022,CONV-02,WO-1022,2025-08-27T12:00:00,BELT_MISALIGNMENT,NORMAL_WEAR,60
MH-0023,CNC-02,WO-1023,2025-06-18T01:00:00,UNKNOWN,NORMAL_WEAR,30
MH-0024,VFD-02,WO-1024,2025-06-13T12:00:00,UNKNOWN,NORMAL_WEAR,60
MH-0025,LATHE-01,WO-1025,2025-04-21T18:00:00,UNKNOWN,NORMAL_WEAR,120
MH-0026,FT-01,WO-1026,2025-04-21T20:00:00,UNKNOWN,NORMAL_WEAR,60
MH-0027,PR-01,WO-1027,2025-08-25T04:00:00,UNKNOWN,NORMAL_WEAR,60
MH-0028,TT-01,WO-1028,2025-05-09T23:00:00,UNKNOWN,NORMAL_WEAR,120
MH-0029,VT-01,WO-1029,2025-10-29T13:00:00,UNKNOWN,NORMAL_WEAR,120
MH-0030,GB-01,WO-1030,2025-07-07T07:00:00,UNKNOWN,NORMAL_WEAR,30
MH-0031,COMP-02,WO-1031,2025-02-18T01:00:00,UNKNOWN,NORMAL_WEAR,30
MH-0032,LATHE-01,WO-1032,2025-03-25T21:00:00,UNKNOWN,NORMAL_WEAR,60
MH-0033,PKG-01,WO-1033,2025-07-19T12:00:00,UNKNOWN,NORMAL_WEAR,120
MH-0034,COMP-02,WO-1034,2025-09-30T08:00:00,UNKNOWN,NORMAL_WEAR,120
MH-0035,CONV-03,WO-1035,2025-03-02T21:00:00,BELT_MISALIGNMENT,NORMAL_WEAR,120
MH-0036,COMP-01,WO-1036,2025-06-26T03:00:00,UNKNOWN,NORMAL_WEAR,60
MH-0037,PR-01,WO-1037,2025-03-24T14:00:00,UNKNOWN,NORMAL_WEAR,30
MH-0038,PKG-02,WO-1038,2025-09-16T05:00:00,UNKNOWN,NORMAL_WEAR,120
MH-0039,CNC-01,WO-1039,2025-06-04T20:00:00,UNKNOWN,NORMAL_WEAR,120
MH-0040,PT-01,WO-1040,2025-03-22T11:00:00,UNKNOWN,NORMAL_WEAR,30
MH-0041,HPU-01,WO-1041,2025-06-17T15:00:00,UNKNOWN,NORMAL_WEAR,30
MH-0042,VFD-01,WO-1042,2025-07-07T09:00:00,UNKNOWN,NORMAL_WEAR,30
MH-0043,TT-01,WO-1043,2025-05-06T18:00:00,UNKNOWN,NORMAL_WEAR,30
MH-0044,MTR-01,WO-1044,2025-09-08T02:00:00,UNKNOWN,NORMAL_WEAR,120
MH-0045,PR-01,WO-1045,2025-03-09T21:00:00,UNKNOWN,NORMAL_WEAR,60
MH-0046,CP-401,WO-1046,2025-03-28T08:00:00,MOTOR_OVERHEATING,NORMAL_WEAR,120
MH-0047,PKG-01,WO-1047,2025-04-21T17:00:00,UNKNOWN,NORMAL_WEAR,120
MH-0048,PKG-02,WO-1048,2025-06-11T12:00:00,UNKNOWN,NORMAL_WEAR,120
MH-0049,PT-01,WO-1049,2025-08-15T16:00:00,UNKNOWN,NORMAL_WEAR,60
MH-0050,CONV-03,WO-1050,2025-05-09T07:00:00,BELT_MISALIGNMENT,NORMAL_WEAR,30
MH-0051,VT-01,WO-1051,2025-01-13T18:00:00,UNKNOWN,NORMAL_WEAR,120
MH-0052,PKG-01,WO-1052,2025-04-25T00:00:00,UNKNOWN,NORMAL_WEAR,30
MH-0053,HPU-01,WO-1053,2025-04-30T02:00:00,UNKNOWN,NORMAL_WEAR,30
MH-0054,CONV-01,WO-1054,2025-02-08T16:00:00,BEARING_FAILURE,NORMAL_WEAR,30
MH-0055,PT-01,WO-1055,2025-09-08T06:00:00,UNKNOWN,NORMAL_WEAR,120
MH-0056,TT-01,WO-1056,2025-10-22T18:00:00,UNKNOWN,NORMAL_WEAR,60
MH-0057,ROB-01,WO-1057,2025-09-02T13:00:00,UNKNOWN,NORMAL_WEAR,30
MH-0058,LATHE-01,WO-1058,2025-02-21T21:00:00,UNKNOWN,NORMAL_WEAR,60
MH-0059,MTR-01,WO-1059,2025-08-07T13:00:00,UNKNOWN,NORMAL_WEAR,60
MH-0060,COMP-02,WO-1060,2025-02-22T01:00:00,UNKNOWN,NORMAL_WEAR,60
MH-0061,TT-01,WO-1061,2025-02-27T07:00:00,UNKNOWN,NORMAL_WEAR,30
MH-0062,CP-402,WO-1062,2025-10-04T14:00:00,BEARING_WEAR,NORMAL_WEAR,30
MH-0063,CNC-02,WO-1063,2025-04-06T08:00:00,UNKNOWN,NORMAL_WEAR,60
MH-0064,COMP-01,WO-1064,2025-02-10T14:00:00,UNKNOWN,NORMAL_WEAR,120
MH-0065,CP-400,WO-1065,2025-01-28T20:00:00,BEARING_WEAR,NORMAL_WEAR,120
MH-0066,MCC-01,WO-1066,2025-02-19T07:00:00,UNKNOWN,NORMAL_WEAR,30
MH-0067,HPU-01,WO-1067,2025-09-08T15:00:00,UNKNOWN,NORMAL_WEAR,30
MH-0068,MTR-02,WO-1068,2025-02-02T05:00:00,UNKNOWN,NORMAL_WEAR,60
MH-0069,CP-401,WO-1069,2025-07-21T08:00:00,BEARING_WEAR,NORMAL_WEAR,60
MH-0070,PR-01,WO-1070,2025-08-07T22:00:00,UNKNOWN,NORMAL_WEAR,120
MH-0071,CP-401,WO-1071,2025-09-09T04:00:00,MOTOR_OVERHEATING,NORMAL_WEAR,30
MH-0072,GB-02,WO-1072,2025-04-24T01:00:00,UNKNOWN,NORMAL_WEAR,120
MH-0073,MTR-02,WO-1073,2025-06-12T01:00:00,UNKNOWN,NORMAL_WEAR,30
MH-0074,PKG-01,WO-1074,2025-09-17T16:00:00,UNKNOWN,NORMAL_WEAR,30
MH-0075,VFD-02,WO-1075,2025-09-20T02:00:00,UNKNOWN,NORMAL_WEAR,30
MH-0076,COMP-02,WO-1076,2025-02-06T21:00:00,UNKNOWN,NORMAL_WEAR,30
MH-0077,MTR-02,WO-1077,2025-03-05T18:00:00,UNKNOWN,NORMAL_WEAR,30
MH-0078,PR-02,WO-1078,2025-02-13T13:00:00,UNKNOWN,NORMAL_WEAR,120
MH-0079,GB-02,WO-1079,2025-05-16T06:00:00,UNKNOWN,NORMAL_WEAR,120
MH-0080,TRF-01,WO-1080,2025-05-05T08:00:00,UNKNOWN,NORMAL_WEAR,60
MH-0081,MCC-01,WO-1081,2025-06-05T14:00:00,UNKNOWN,NORMAL_WEAR,60
MH-0082,TT-01,WO-1082,2025-01-07T14:00:00,UNKNOWN,NORMAL_WEAR,120
MH-0083,PR-01,WO-1083,2025-02-09T17:00:00,UNKNOWN,NORMAL_WEAR,30
MH-0084,CP-401,WO-1084,2025-05-18T04:00:00,MOTOR_OVERHEATING,NORMAL_WEAR,60
MH-0085,GB-02,WO-1085,2025-05-08T11:00:00,UNKNOWN,NORMAL_WEAR,60
MH-0086,VFD-02,WO-1086,2025-08-15T17:00:00,UNKNOWN,NORMAL_WEAR,120
MH-0087,TT-01,WO-1087,2025-09-30T00:00:00,UNKNOWN,NORMAL_WEAR,120
MH-0088,CONV-02,WO-1088,2025-02-25T04:00:00,BEARING_FAILURE,NORMAL_WEAR,60
MH-0089,PKG-02,WO-1089,2025-02-26T23:00:00,UNKNOWN,NORMAL_WEAR,120
MH-0090,CNC-01,WO-1090,2025-05-22T09:00:00,UNKNOWN,NORMAL_WEAR,120
MH-0091,CNC-01,WO-1091,2025-06-27T06:00:00,UNKNOWN,NORMAL_WEAR,120
MH-0092,VFD-01,WO-1092,2025-09-18T15:00:00,UNKNOWN,NORMAL_WEAR,60
MH-0093,GB-02,WO-1093,2025-02-19T20:00:00,UNKNOWN,NORMAL_WEAR,60
MH-0094,TRF-01,WO-1094,2025-01-25T00:00:00,UNKNOWN,NORMAL_WEAR,60
MH-0095,PKG-03,WO-1095,2025-05-17T05:00:00,UNKNOWN,NORMAL_WEAR,120
MH-0096,LATHE-01,WO-1096,2025-10-12T22:00:00,UNKNOWN,NORMAL_WEAR,60
MH-0097,CONV-02,WO-1097,2025-03-01T02:00:00,BELT_MISALIGNMENT,NORMAL_WEAR,120
MH-0098,PKG-02,WO-1098,2025-10-09T01:00:00,UNKNOWN,NORMAL_WEAR,60
MH-0099,PKG-03,WO-1099,2025-08-11T04:00:00,UNKNOWN,NORMAL_WEAR,30
MH-0100,TT-01,WO-1100,2025-07-08T01:00:00,UNKNOWN,NORMAL_WEAR,60
MH-0101,GB-01,WO-1101,2025-05-10T21:00:00,UNKNOWN,NORMAL_WEAR,30
MH-0102,GB-01,WO-1102,2025-10-16T13:00:00,UNKNOWN,NORMAL_WEAR,120
MH-0103,TT-01,WO-1103,2025-05-04T05:00:00,UNKNOWN,NORMAL_WEAR,30
MH-0104,GB-02,WO-1104,2025-01-15T05:00:00,UNKNOWN,NORMAL_WEAR,120
MH-0105,CONV-02,WO-1105,2025-08-01T21:00:00,BEARING_FAILURE,NORMAL_WEAR,120
MH-0106,CP-401,WO-1106,2025-05-19T05:00:00,BEARING_WEAR,NORMAL_WEAR,120
MH-0107,TT-01,WO-1107,2025-07-17T01:00:00,UNKNOWN,NORMAL_WEAR,60
MH-0108,PKG-01,WO-1108,2025-04-15T14:00:00,UNKNOWN,NORMAL_WEAR,60
MH-0109,GB-02,WO-1109,2025-04-29T07:00:00,UNKNOWN,NORMAL_WEAR,30
MH-0110,CNC-02,WO-1110,2025-07-26T10:00:00,UNKNOWN,NORMAL_WEAR,60
MH-0111,HPU-01,WO-1111,2025-05-25T11:00:00,UNKNOWN,NORMAL_WEAR,120
MH-0112,LATHE-01,WO-1112,2025-10-04T10:00:00,UNKNOWN,NORMAL_WEAR,30
MH-0113,CP-401,WO-1113,2025-05-16T05:00:00,BEARING_WEAR,NORMAL_WEAR,120
MH-0114,TT-01,WO-1114,2025-01-22T03:00:00,UNKNOWN,NORMAL_WEAR,120
MH-0115,CP-401,WO-1115,2025-06-28T23:00:00,SEAL_FAILURE,NORMAL_WEAR,60
MH-0116,ROB-01,WO-1116,2025-09-21T03:00:00,UNKNOWN,NORMAL_WEAR,60
MH-0117,MCC-01,WO-1117,2025-05-13T01:00:00,UNKNOWN,NORMAL_WEAR,120
MH-0118,HPU-01,WO-1118,2025-01-03T16:00:00,UNKNOWN,NORMAL_WEAR,120
MH-0119,CONV-02,WO-1119,2025-07-08T13:00:00,BELT_MISALIGNMENT,NORMAL_WEAR,30
MH-0120,PT-01,WO-1120,2025-06-12T21:00:00,UNKNOWN,NORMAL_WEAR,30
MH-0121,CNC-01,WO-1121,2025-09-19T09:00:00,UNKNOWN,NORMAL_WEAR,120
MH-0122,PKG-02,WO-1122,2025-06-19T12:00:00,UNKNOWN,NORMAL_WEAR,120
MH-0123,VFD-01,WO-1123,2025-10-13T04:00:00,UNKNOWN,NORMAL_WEAR,30
MH-0124,PR-01,WO-1124,2025-07-16T21:00:00,UNKNOWN,NORMAL_WEAR,120
MH-0125,MTR-02,WO-1125,2025-10-21T09:00:00,UNKNOWN,NORMAL_WEAR,60
MH-0126,PKG-03,WO-1126,2025-06-07T09:00:00,UNKNOWN,NORMAL_WEAR,30
MH-0127,CONV-03,WO-1127,2025-10-26T19:00:00,BEARING_FAILURE,NORMAL_WEAR,120
MH-0128,CNC-01,WO-1128,2025-08-29T14:00:00,UNKNOWN,NORMAL_WEAR,60
MH-0129,ROB-01,WO-1129,2025-09-21T15:00:00,UNKNOWN,NORMAL_WEAR,120
