issue_id,request_id,work_order_id,item_id,issued_quantity,issued_at,issued_to
MI-001,MR-001,WO-002,P-102,1,2025-01-11T07:30:00,TECH-001
MI-002,MR-003,WO-013,P-202,2,2025-01-21T08:50:00,TECH-008
MI-003,MR-004,WO-011,P-401,3,2025-01-19T07:50:00,TECH-006
MI-004,MR-005,WO-007,P-701,1,2025-01-16T10:30:00,TECH-002
MI-005,MR-006,WO-012,P-801,1,2025-01-20T11:45:00,TECH-002
MI-006,MR-007,PME-111,P-1101,5,2025-01-20T11:10:00,TECH-001
MI-007,MR-008,PME-116,P-502,1,2025-01-16T08:15:00,TECH-008
MI-008,MR-009,PME-105,P-501,2,2025-01-10T14:10:00,TECH-009
MI-009,MR-010,PME-108,P-201,1,2025-01-16T13:15:00,TECH-002
MI-010,MR-011,WO-008,P-601,1,2025-01-17T09:00:00,TECH-002