pm_execution_id,pm_plan_id,work_order_id,scheduled_date,actual_start_date,completion_date,status,reschedule_reason
PME-100,PM-001,WO-001,2025-01-10,2025-01-10T08:00:00,2025-01-10T09:30:00,COMPLETED,
PME-101,PM-002,,2025-01-15,,,OVERDUE,
PME-102,PM-003,WO-013,2025-01-21,2025-01-21T08:00:00,2025-01-21T10:00:00,COMPLETED,
PME-103,PM-004,,2025-01-28,2025-01-28T07:00:00,,IN_PROGRESS,
PME-104,PM-005,,2025-02-01,,,UPCOMING,
PME-105,PM-006,,2025-01-10,2025-01-10T14:00:00,2025-01-10T15:00:00,COMPLETED,
PME-106,PM-006,,2025-01-17,2025-01-17T14:00:00,2025-01-17T15:15:00,COMPLETED,
PME-107,PM-006,,2025-01-24,,,OVERDUE,
PME-108,PM-007,,2025-01-16,2025-01-16T13:00:00,2025-01-16T15:30:00,COMPLETED,
PME-109,PM-008,,2025-02-15,,,UPCOMING,
PME-110,PM-009,,2025-01-05,2025-01-05T09:00:00,2025-01-05T10:00:00,COMPLETED,
PME-111,PM-010,,2025-01-20,2025-01-20T11:00:00,2025-01-20T12:00:00,COMPLETED,
PME-112,PM-011,,2025-03-01,,,RESCHEDULED,Awaiting plant shutdown
PME-113,PM-012,,2025-01-10,2025-01-10T08:00:00,2025-01-10T11:00:00,COMPLETED,
PME-114,PM-013,,2025-02-10,,,UPCOMING,
PME-115,PM-014,,2025-02-10,,,UPCOMING,
PME-116,PM-015,,2025-01-15,2025-01-16T08:00:00,2025-01-16T09:00:00,COMPLETED,
PME-117,PM-016,,2025-04-01,,,UPCOMING,
PME-118,PM-017,,2025-01-14,2025-01-14T09:00:00,2025-01-14T10:00:00,COMPLETED,
PME-119,PM-018,,2025-01-07,2025-01-07T14:00:00,2025-01-07T15:00:00,COMPLETED,
PME-120,PM-019,,2025-01-22,2025-01-22T10:00:00,2025-01-22T11:30:00,COMPLETED,
PME-121,PM-020,,2025-01-25,,,OVERDUE,