po_id,pr_id,supplier_id,po_date,expected_delivery_date,status
PO-001,PR-001,SUP-001,2025-01-11,2025-01-25,SENT_TO_SUPPLIER
PO-002,PR-002,SUP-003,2025-01-02,2025-01-07,RECEIVED
PO-003,PR-003,SUP-006,2025-01-06,2025-01-20,RECEIVED
PO-004,PR-005,SUP-002,2025-01-17,2025-01-27,SENT_TO_SUPPLIER
PO-005,PR-007,SUP-004,2025-01-20,2025-01-23,PARTIALLY_RECEIVED
PO-006,PR-009,SUP-003,2025-01-23,2025-02-13,CREATED
PO-007,,SUP-001,2025-01-05,2025-01-10,RECEIVED
PO-008,,SUP-002,2025-01-08,2025-01-15,RECEIVED
PO-009,PR-004,SUP-002,2025-01-16,2025-01-30,SENT_TO_SUPPLIER
PO-010,PR-009,SUP-005,2025-01-23,2025-02-13,CREATED
PO-011,PR-002,SUP-003,2025-01-23,2025-02-02,CREATED
PO-012,PR-003,SUP-006,2025-01-24,2025-02-07,SENT_TO_SUPPLIER
PO-013,PR-005,SUP-002,2025-01-25,2025-02-01,CREATED
PO-014,PR-001,SUP-001,2025-01-29,2025-02-12,SENT_TO_SUPPLIER
PO-015,PR-009,SUP-003,2025-02-01,2025-02-11,CREATED
PO-016,PR-007,SUP-004,2025-02-03,2025-02-06,SENT_TO_SUPPLIER
PO-017,PR-004,SUP-002,2025-02-05,2025-02-12,CREATED
PO-018,PR-003,SUP-006,2025-02-07,2025-02-21,CREATED
PO-019,PR-005,SUP-002,2025-02-10,2025-02-17,SENT_TO_SUPPLIER
PO-020,PR-002,SUP-003,2025-02-12,2025-02-22,CREATED
PO-021,PR-001,SUP-001,2025-02-14,2025-02-28,SENT_TO_SUPPLIER
PO-022,PR-007,SUP-004,2025-02-16,2025-02-19,CREATED
PO-023,PR-009,SUP-005,2025-02-18,2025-03-11,CREATED
PO-024,PR-004,SUP-002,2025-02-20,2025-02-27,SENT_TO_SUPPLIER
