work_order_id,asset_id,location_id,work_order_type,title,description,created_at,requested_by,assigned_team,status,failure_mode
WO-1000,GB-01,LOC-ASM-01,CORRECTIVE,General issue GB-01,Operator reported issue with GB-01.,2025-01-14T23:00:00,OPERATOR,TEAM-GEN,COMPLETED,UNKNOWN
WO-1001,COMP-02,LOC-UTL-02,CORRECTIVE,General issue COMP-02,Operator reported issue with COMP-02.,2025-04-26T04:00:00,OPERATOR,TEAM-GEN,COMPLETED,UNKNOWN
WO-1002,CNC-01,LOC-MCH-01,CORRECTIVE,General issue CNC-01,Operator reported issue with CNC-01.,2025-10-08T02:00:00,OPERATOR,TEAM-GEN,COMPLETED,UNKNOWN
WO-1003,PKG-01,LOC-PKG-01,CORRECTIVE,General issue PKG-01,Operator reported issue with PKG-01.,2025-01-18T00:00:00,OPERATOR,TEAM-GEN,COMPLETED,UNKNOWN
WO-1004,FT-01,LOC-UTL-01,CORRECTIVE,General issue FT-01,Operator reported issue with FT-01.,2025-05-01T16:00:00,OPERATOR,TEAM-GEN,COMPLETED,UNKNOWN
WO-1005,GB-02,LOC-ASM-02,CORRECTIVE,General issue GB-02,Operator reported issue with GB-02.,2025-10-16T06:00:00,OPERATOR,TEAM-GEN,COMPLETED,UNKNOWN
WO-1006,PKG-02,LOC-PKG-02,CORRECTIVE,General issue PKG-02,Operator reported issue with PKG-02.,2025-04-24T14:00:00,OPERATOR,TEAM-GEN,COMPLETED,UNKNOWN
WO-1007,CONV-02,LOC-ASM-02,CORRECTIVE,Roller seized CONV-02,"Loud scraping noise, roller stuck.",2025-01-05T05:00:00,OPERATOR,TEAM-MECH,COMPLETED,BEARING_FAILURE
WO-1008,PR-02,LOC-FAB-02,CORRECTIVE,General issue PR-02,Operator reported issue with PR-02.,2025-06-25T08:00:00,OPERATOR,TEAM-GEN,COMPLETED,UNKNOWN
WO-1009,VFD-02,LOC-MCH-02,CORRECTIVE,General issue VFD-02,Operator reported issue with VFD-02.,2025-06-23T03:00:00,OPERATOR,TEAM-GEN,COMPLETED,UNKNOWN
WO-1010,MTR-01,LOC-UTL-01,CORRECTIVE,General issue MTR-01,Operator reported issue with MTR-01.,2025-02-20T11:00:00,OPERATOR,TEAM-GEN,COMPLETED,UNKNOWN
WO-1011,CP-400,LOC-UTL-01,CORRECTIVE,Motor hot CP-400,Motor casing on CP-400 very hot.,2025-05-17T01:00:00,OPERATOR,TEAM-ELEC,COMPLETED,MOTOR_OVERHEATING
WO-1012,CONV-03,LOC-ASM-03,CORRECTIVE,Roller seized CONV-03,"Loud scraping noise, roller stuck.",2025-10-03T03:00:00,OPERATOR,TEAM-MECH,COMPLETED,BEARING_FAILURE
WO-1013,PKG-01,LOC-PKG-01,CORRECTIVE,General issue PKG-01,Operator reported issue with PKG-01.,2025-10-11T09:00:00,OPERATOR,TEAM-GEN,COMPLETED,UNKNOWN
WO-1014,CONV-01,LOC-ASM-01,CORRECTIVE,Roller seized CONV-01,"Loud scraping noise, roller stuck.",2025-10-24T06:00:00,OPERATOR,TEAM-MECH,COMPLETED,BEARING_FAILURE
WO-1015,FT-01,LOC-UTL-01,CORRECTIVE,General issue FT-01,Operator reported issue with FT-01.,2025-01-25T21:00:00,OPERATOR,TEAM-GEN,COMPLETED,UNKNOWN
WO-1016,COMP-02,LOC-UTL-02,CORRECTIVE,General issue COMP-02,Operator reported issue with COMP-02.,2025-02-11T07:00:00,OPERATOR,TEAM-GEN,COMPLETED,UNKNOWN
WO-1017,PKG-03,LOC-PKG-03,CORRECTIVE,General issue PKG-03,Operator reported issue with PKG-03.,2025-05-24T14:00:00,OPERATOR,TEAM-GEN,COMPLETED,UNKNOWN
WO-1018,MTR-01,LOC-UTL-01,CORRECTIVE,General issue MTR-01,Operator reported issue with MTR-01.,2025-03-26T11:00:00,OPERATOR,TEAM-GEN,COMPLETED,UNKNOWN
WO-1019,CONV-03,LOC-ASM-03,CORRECTIVE,Belt slipping CONV-03,Conveyor CONV-03 belt slipping under load.,2025-05-18T22:00:00,OPERATOR,TEAM-MECH,COMPLETED,BELT_MISALIGNMENT
WO-1020,CP-400,LOC-UTL-01,CORRECTIVE,Motor hot CP-400,Motor casing on CP-400 very hot.,2025-02-07T19:00:00,OPERATOR,TEAM-ELEC,COMPLETED,MOTOR_OVERHEATING
WO-1021,PKG-02,LOC-PKG-02,CORRECTIVE,General issue PKG-02,Operator reported issue with PKG-02.,2025-10-02T23:00:00,OPERATOR,TEAM-GEN,COMPLETED,UNKNOWN
WO-1022,CONV-02,LOC-ASM-02,CORRECTIVE,Belt slipping CONV-02,Conveyor CONV-02 belt slipping under load.,2025-08-26T12:00:00,OPERATOR,TEAM-MECH,COMPLETED,BELT_MISALIGNMENT
WO-1023,CNC-02,LOC-MCH-02,CORRECTIVE,General issue CNC-02,Operator reported issue with CNC-02.,2025-06-17T01:00:00,OPERATOR,TEAM-GEN,COMPLETED,UNKNOWN
WO-1024,VFD-02,LOC-MCH-02,CORRECTIVE,General issue VFD-02,Operator reported issue with VFD-02.,2025-06-12T12:00:00,OPERATOR,TEAM-GEN,COMPLETED,UNKNOWN
WO-1025,LATHE-01,LOC-MCH-03,CORRECTIVE,General issue LATHE-01,Operator reported issue with LATHE-01.,2025-04-20T18:00:00,OPERATOR,TEAM-GEN,COMPLETED,UNKNOWN
WO-1026,FT-01,LOC-UTL-01,CORRECTIVE,General issue FT-01,Operator reported issue with FT-01.,2025-04-20T20:00:00,OPERATOR,TEAM-GEN,COMPLETED,UNKNOWN
WO-1027,PR-01,LOC-FAB-01,CORRECTIVE,General issue PR-01,Operator reported issue with PR-01.,2025-08-24T04:00:00,OPERATOR,TEAM-GEN,COMPLETED,UNKNOWN
WO-1028,TT-01,LOC-UTL-01,CORRECTIVE,General issue TT-01,Operator reported issue with TT-01.,2025-05-08T23:00:00,OPERATOR,TEAM-GEN,COMPLETED,UNKNOWN
WO-1029,VT-01,LOC-UTL-01,CORRECTIVE,General issue VT-01,Operator reported issue with VT-01.,2025-10-28T13:00:00,OPERATOR,TEAM-GEN,COMPLETED,UNKNOWN
WO-1030,GB-01,LOC-ASM-01,CORRECTIVE,General issue GB-01,Operator reported issue with GB-01.,2025-07-06T07:00:00,OPERATOR,TEAM-GEN,COMPLETED,UNKNOWN
WO-1031,COMP-02,LOC-UTL-02,CORRECTIVE,General issue COMP-02,Operator reported issue with COMP-02.,2025-02-17T01:00:00,OPERATOR,TEAM-GEN,COMPLETED,UNKNOWN
WO-1032,LATHE-01,LOC-MCH-03,CORRECTIVE,General issue LATHE-01,Operator reported issue with LATHE-01.,2025-03-24T21:00:00,OPERATOR,TEAM-GEN,COMPLETED,UNKNOWN
WO-1033,PKG-01,LOC-PKG-01,CORRECTIVE,General issue PKG-01,Operator reported issue with PKG-01.,2025-07-18T12:00:00,OPERATOR,TEAM-GEN,COMPLETED,UNKNOWN
WO-1034,COMP-02,LOC-UTL-02,CORRECTIVE,General issue COMP-02,Operator reported issue with COMP-02.,2025-09-29T08:00:00,OPERATOR,TEAM-GEN,COMPLETED,UNKNOWN
WO-1035,CONV-03,LOC-ASM-03,CORRECTIVE,Belt slipping CONV-03,Conveyor CONV-03 belt slipping under load.,2025-03-01T21:00:00,OPERATOR,TEAM-MECH,COMPLETED,BELT_MISALIGNMENT
WO-1036,COMP-01,LOC-UTL-02,CORRECTIVE,General issue COMP-01,Operator reported issue with COMP-01.,2025-06-25T03:00:00,OPERATOR,TEAM-GEN,COMPLETED,UNKNOWN
WO-1037,PR-01,LOC-FAB-01,CORRECTIVE,General issue PR-01,Operator reported issue with PR-01.,2025-03-23T14:00:00,OPERATOR,TEAM-GEN,COMPLETED,UNKNOWN
WO-1038,PKG-02,LOC-PKG-02,CORRECTIVE,General issue PKG-02,Operator reported issue with PKG-02.,2025-09-15T05:00:00,OPERATOR,TEAM-GEN,COMPLETED,UNKNOWN
WO-1039,CNC-01,LOC-MCH-01,CORRECTIVE,General issue CNC-01,Operator reported issue with CNC-01.,2025-06-03T20:00:00,OPERATOR,TEAM-GEN,COMPLETED,UNKNOWN
WO-1040,PT-01,LOC-UTL-02,CORRECTIVE,General issue PT-01,Operator reported issue with PT-01.,2025-03-21T11:00:00,OPERATOR,TEAM-GEN,COMPLETED,UNKNOWN
WO-1041,HPU-01,LOC-FAB-01,CORRECTIVE,General issue HPU-01,Operator reported issue with HPU-01.,2025-06-16T15:00:00,OPERATOR,TEAM-GEN,COMPLETED,UNKNOWN
WO-1042,VFD-01,LOC-MCH-01,CORRECTIVE,General issue VFD-01,Operator reported issue with VFD-01.,2025-07-06T09:00:00,OPERATOR,TEAM-GEN,COMPLETED,UNKNOWN
WO-1043,TT-01,LOC-UTL-01,CORRECTIVE,General issue TT-01,Operator reported issue with TT-01.,2025-05-05T18:00:00,OPERATOR,TEAM-GEN,COMPLETED,UNKNOWN
WO-1044,MTR-01,LOC-UTL-01,CORRECTIVE,General issue MTR-01,Operator reported issue with MTR-01.,2025-09-07T02:00:00,OPERATOR,TEAM-GEN,COMPLETED,UNKNOWN
WO-1045,PR-01,LOC-FAB-01,CORRECTIVE,General issue PR-01,Operator reported issue with PR-01.,2025-03-08T21:00:00,OPERATOR,TEAM-GEN,COMPLETED,UNKNOWN
WO-1046,CP-401,LOC-UTL-01,CORRECTIVE,Motor hot CP-401,Motor casing on CP-401 very hot.,2025-03-27T08:00:00,OPERATOR,TEAM-ELEC,COMPLETED,MOTOR_OVERHEATING
WO-1047,PKG-01,LOC-PKG-01,CORRECTIVE,General issue PKG-01,Operator reported issue with PKG-01.,2025-04-20T17:00:00,OPERATOR,TEAM-GEN,COMPLETED,UNKNOWN
WO-1048,PKG-02,LOC-PKG-02,CORRECTIVE,General issue PKG-02,Operator reported issue with PKG-02.,2025-06-10T12:00:00,OPERATOR,TEAM-GEN,COMPLETED,UNKNOWN
WO-1049,PT-01,LOC-UTL-02,CORRECTIVE,General issue PT-01,Operator reported issue with PT-01.,2025-08-14T16:00:00,OPERATOR,TEAM-GEN,COMPLETED,UNKNOWN
WO-1050,CONV-03,LOC-ASM-03,CORRECTIVE,Belt slipping CONV-03,Conveyor CONV-03 belt slipping under load.,2025-05-08T07:00:00,OPERATOR,TEAM-MECH,COMPLETED,BELT_MISALIGNMENT
WO-1051,VT-01,LOC-UTL-01,CORRECTIVE,General issue VT-01,Operator reported issue with VT-01.,2025-01-12T18:00:00,OPERATOR,TEAM-GEN,COMPLETED,UNKNOWN
WO-1052,PKG-01,LOC-PKG-01,CORRECTIVE,General issue PKG-01,Operator reported issue with PKG-01.,2025-04-24T00:00:00,OPERATOR,TEAM-GEN,COMPLETED,UNKNOWN
WO-1053,HPU-01,LOC-FAB-01,CORRECTIVE,General issue HPU-01,Operator reported issue with HPU-01.,2025-04-29T02:00:00,OPERATOR,TEAM-GEN,COMPLETED,UNKNOWN
WO-1054,CONV-01,LOC-ASM-01,CORRECTIVE,Roller seized CONV-01,"Loud scraping noise, roller stuck.",2025-02-07T16:00:00,OPERATOR,TEAM-MECH,COMPLETED,BEARING_FAILURE
WO-1055,PT-01,LOC-UTL-02,CORRECTIVE,General issue PT-01,Operator reported issue with PT-01.,2025-09-07T06:00:00,OPERATOR,TEAM-GEN,COMPLETED,UNKNOWN
WO-1056,TT-01,LOC-UTL-01,CORRECTIVE,General issue TT-01,Operator reported issue with TT-01.,2025-10-21T18:00:00,OPERATOR,TEAM-GEN,COMPLETED,UNKNOWN
WO-1057,ROB-01,LOC-ASM-04,CORRECTIVE,General issue ROB-01,Operator reported issue with ROB-01.,2025-09-01T13:00:00,OPERATOR,TEAM-GEN,COMPLETED,UNKNOWN
WO-1058,LATHE-01,LOC-MCH-03,CORRECTIVE,General issue LATHE-01,Operator reported issue with LATHE-01.,2025-02-20T21:00:00,OPERATOR,TEAM-GEN,COMPLETED,UNKNOWN
WO-1059,MTR-01,LOC-UTL-01,CORRECTIVE,General issue MTR-01,Operator reported issue with MTR-01.,2025-08-06T13:00:00,OPERATOR,TEAM-GEN,COMPLETED,UNKNOWN
WO-1060,COMP-02,LOC-UTL-02,CORRECTIVE,General issue COMP-02,Operator reported issue with COMP-02.,2025-02-21T01:00:00,OPERATOR,TEAM-GEN,COMPLETED,UNKNOWN
WO-1061,TT-01,LOC-UTL-01,CORRECTIVE,General issue TT-01,Operator reported issue with TT-01.,2025-02-26T07:00:00,OPERATOR,TEAM-GEN,COMPLETED,UNKNOWN
WO-1062,CP-402,LOC-UTL-01,CORRECTIVE,Vibration issue on CP-402,Pump CP-402 is shaking badly.,2025-10-03T14:00:00,OPERATOR,TEAM-MECH,COMPLETED,BEARING_WEAR
WO-1063,CNC-02,LOC-MCH-02,CORRECTIVE,General issue CNC-02,Operator reported issue with CNC-02.,2025-04-05T08:00:00,OPERATOR,TEAM-GEN,COMPLETED,UNKNOWN
WO-1064,COMP-01,LOC-UTL-02,CORRECTIVE,General issue COMP-01,Operator reported issue with COMP-01.,2025-02-09T14:00:00,OPERATOR,TEAM-GEN,COMPLETED,UNKNOWN
WO-1065,CP-400,LOC-UTL-01,CORRECTIVE,Vibration issue on CP-400,Pump CP-400 is shaking badly.,2025-01-27T20:00:00,OPERATOR,TEAM-MECH,COMPLETED,BEARING_WEAR
WO-1066,MCC-01,LOC-UTL-01,CORRECTIVE,General issue MCC-01,Operator reported issue with MCC-01.,2025-02-18T07:00:00,OPERATOR,TEAM-GEN,COMPLETED,UNKNOWN
WO-1067,HPU-01,LOC-FAB-01,CORRECTIVE,General issue HPU-01,Operator reported issue with HPU-01.,2025-09-07T15:00:00,OPERATOR,TEAM-GEN,COMPLETED,UNKNOWN
WO-1068,MTR-02,LOC-UTL-01,CORRECTIVE,General issue MTR-02,Operator reported issue with MTR-02.,2025-02-01T05:00:00,OPERATOR,TEAM-GEN,COMPLETED,UNKNOWN
WO-1069,CP-401,LOC-UTL-01,CORRECTIVE,Vibration issue on CP-401,Pump CP-401 is shaking badly.,2025-07-20T08:00:00,OPERATOR,TEAM-MECH,COMPLETED,BEARING_WEAR
WO-1070,PR-01,LOC-FAB-01,CORRECTIVE,General issue PR-01,Operator reported issue with PR-01.,2025-08-06T22:00:00,OPERATOR,TEAM-GEN,COMPLETED,UNKNOWN
WO-1071,CP-401,LOC-UTL-01,CORRECTIVE,Motor hot CP-401,Motor casing on CP-401 very hot.,2025-09-08T04:00:00,OPERATOR,TEAM-ELEC,COMPLETED,MOTOR_OVERHEATING
WO-1072,GB-02,LOC-ASM-02,CORRECTIVE,General issue GB-02,Operator reported issue with GB-02.,2025-04-23T01:00:00,OPERATOR,TEAM-GEN,COMPLETED,UNKNOWN
WO-1073,MTR-02,LOC-UTL-01,CORRECTIVE,General issue MTR-02,Operator reported issue with MTR-02.,2025-06-11T01:00:00,OPERATOR,TEAM-GEN,COMPLETED,UNKNOWN
WO-1074,PKG-01,LOC-PKG-01,CORRECTIVE,General issue PKG-01,Operator reported issue with PKG-01.,2025-09-16T16:00:00,OPERATOR,TEAM-GEN,COMPLETED,UNKNOWN
WO-1075,VFD-02,LOC-MCH-02,CORRECTIVE,General issue VFD-02,Operator reported issue with VFD-02.,2025-09-19T02:00:00,OPERATOR,TEAM-GEN,COMPLETED,UNKNOWN
WO-1076,COMP-02,LOC-UTL-02,CORRECTIVE,General issue COMP-02,Operator reported issue with COMP-02.,2025-02-05T21:00:00,OPERATOR,TEAM-GEN,COMPLETED,UNKNOWN
WO-1077,MTR-02,LOC-UTL-01,CORRECTIVE,General issue MTR-02,Operator reported issue with MTR-02.,2025-03-04T18:00:00,OPERATOR,TEAM-GEN,COMPLETED,UNKNOWN
WO-1078,PR-02,LOC-FAB-02,CORRECTIVE,General issue PR-02,Operator reported issue with PR-02.,2025-02-12T13:00:00,OPERATOR,TEAM-GEN,COMPLETED,UNKNOWN
WO-1079,GB-02,LOC-ASM-02,CORRECTIVE,General issue GB-02,Operator reported issue with GB-02.,2025-05-15T06:00:00,OPERATOR,TEAM-GEN,COMPLETED,UNKNOWN
WO-1080,TRF-01,LOC-UTL-01,CORRECTIVE,General issue TRF-01,Operator reported issue with TRF-01.,2025-05-04T08:00:00,OPERATOR,TEAM-GEN,COMPLETED,UNKNOWN
WO-1081,MCC-01,LOC-UTL-01,CORRECTIVE,General issue MCC-01,Operator reported issue with MCC-01.,2025-06-04T14:00:00,OPERATOR,TEAM-GEN,COMPLETED,UNKNOWN
WO-1082,TT-01,LOC-UTL-01,CORRECTIVE,General issue TT-01,Operator reported issue with TT-01.,2025-01-06T14:00:00,OPERATOR,TEAM-GEN,COMPLETED,UNKNOWN
WO-1083,PR-01,LOC-FAB-01,CORRECTIVE,General issue PR-01,Operator reported issue with PR-01.,2025-02-08T17:00:00,OPERATOR,TEAM-GEN,COMPLETED,UNKNOWN
WO-1084,CP-401,LOC-UTL-01,CORRECTIVE,Motor hot CP-401,Motor casing on CP-401 very hot.,2025-05-17T04:00:00,OPERATOR,TEAM-ELEC,COMPLETED,MOTOR_OVERHEATING
WO-1085,GB-02,LOC-ASM-02,CORRECTIVE,General issue GB-02,Operator reported issue with GB-02.,2025-05-07T11:00:00,OPERATOR,TEAM-GEN,COMPLETED,UNKNOWN
WO-1086,VFD-02,LOC-MCH-02,CORRECTIVE,General issue VFD-02,Operator reported issue with VFD-02.,2025-08-14T17:00:00,OPERATOR,TEAM-GEN,COMPLETED,UNKNOWN
WO-1087,TT-01,LOC-UTL-01,CORRECTIVE,General issue TT-01,Operator reported issue with TT-01.,2025-09-29T00:00:00,OPERATOR,TEAM-GEN,COMPLETED,UNKNOWN
WO-1088,CONV-02,LOC-ASM-02,CORRECTIVE,Roller seized CONV-02,"Loud scraping noise, roller stuck.",2025-02-24T04:00:00,OPERATOR,TEAM-MECH,COMPLETED,BEARING_FAILURE
WO-1089,PKG-02,LOC-PKG-02,CORRECTIVE,General issue PKG-02,Operator reported issue with PKG-02.,2025-02-25T23:00:00,OPERATOR,TEAM-GEN,COMPLETED,UNKNOWN
WO-1090,CNC-01,LOC-MCH-01,CORRECTIVE,General issue CNC-01,Operator reported issue with CNC-01.,2025-05-21T09:00:00,OPERATOR,TEAM-GEN,COMPLETED,UNKNOWN
WO-1091,CNC-01,LOC-MCH-01,CORRECTIVE,General issue CNC-01,Operator reported issue with CNC-01.,2025-06-26T06:00:00,OPERATOR,TEAM-GEN,COMPLETED,UNKNOWN
WO-1092,VFD-01,LOC-MCH-01,CORRECTIVE,General issue VFD-01,Operator reported issue with VFD-01.,2025-09-17T15:00:00,OPERATOR,TEAM-GEN,COMPLETED,UNKNOWN
WO-1093,GB-02,LOC-ASM-02,CORRECTIVE,General issue GB-02,Operator reported issue with GB-02.,2025-02-18T20:00:00,OPERATOR,TEAM-GEN,COMPLETED,UNKNOWN
WO-1094,TRF-01,LOC-UTL-01,CORRECTIVE,General issue TRF-01,Operator reported issue with TRF-01.,2025-01-24T00:00:00,OPERATOR,TEAM-GEN,COMPLETED,UNKNOWN
WO-1095,PKG-03,LOC-PKG-03,CORRECTIVE,General issue PKG-03,Operator reported issue with PKG-03.,2025-05-16T05:00:00,OPERATOR,TEAM-GEN,COMPLETED,UNKNOWN
WO-1096,LATHE-01,LOC-MCH-03,CORRECTIVE,General issue LATHE-01,Operator reported issue with LATHE-01.,2025-10-11T22:00:00,OPERATOR,TEAM-GEN,COMPLETED,UNKNOWN
WO-1097,CONV-02,LOC-ASM-02,CORRECTIVE,Belt slipping CONV-02,Conveyor CONV-02 belt slipping under load.,2025-02-28T02:00:00,OPERATOR,TEAM-MECH,COMPLETED,BELT_MISALIGNMENT
WO-1098,PKG-02,LOC-PKG-02,CORRECTIVE,General issue PKG-02,Operator reported issue with PKG-02.,2025-10-08T01:00:00,OPERATOR,TEAM-GEN,COMPLETED,UNKNOWN
WO-1099,PKG-03,LOC-PKG-03,CORRECTIVE,General issue PKG-03,Operator reported issue with PKG-03.,2025-08-10T04:00:00,OPERATOR,TEAM-GEN,COMPLETED,UNKNOWN
WO-1100,TT-01,LOC-UTL-01,CORRECTIVE,General issue TT-01,Operator reported issue with TT-01.,2025-07-07T01:00:00,OPERATOR,TEAM-GEN,COMPLETED,UNKNOWN
WO-1101,GB-01,LOC-ASM-01,CORRECTIVE,General issue GB-01,Operator reported issue with GB-01.,2025-05-09T21:00:00,OPERATOR,TEAM-GEN,COMPLETED,UNKNOWN
WO-1102,GB-01,LOC-ASM-01,CORRECTIVE,General issue GB-01,Operator reported issue with GB-01.,2025-10-15T13:00:00,OPERATOR,TEAM-GEN,COMPLETED,UNKNOWN
WO-1103,TT-01,LOC-UTL-01,CORRECTIVE,General issue TT-01,Operator reported issue with TT-01.,2025-05-03T05:00:00,OPERATOR,TEAM-GEN,COMPLETED,UNKNOWN
WO-1104,GB-02,LOC-ASM-02,CORRECTIVE,General issue GB-02,Operator reported issue with GB-02.,2025-01-14T05:00:00,OPERATOR,TEAM-GEN,COMPLETED,UNKNOWN
WO-1105,CONV-02,LOC-ASM-02,CORRECTIVE,Roller seized CONV-02,"Loud scraping noise, roller stuck.",2025-07-31T21:00:00,OPERATOR,TEAM-MECH,COMPLETED,BEARING_FAILURE
WO-1106,CP-401,LOC-UTL-01,CORRECTIVE,Vibration issue on CP-401,Pump CP-401 is shaking badly.,2025-05-18T05:00:00,OPERATOR,TEAM-MECH,COMPLETED,BEARING_WEAR
WO-1107,TT-01,LOC-UTL-01,CORRECTIVE,General issue TT-01,Operator reported issue with TT-01.,2025-07-16T01:00:00,OPERATOR,TEAM-GEN,COMPLETED,UNKNOWN
WO-1108,PKG-01,LOC-PKG-01,CORRECTIVE,General issue PKG-01,Operator reported issue with PKG-01.,2025-04-14T14:00:00,OPERATOR,TEAM-GEN,COMPLETED,UNKNOWN
WO-1109,GB-02,LOC-ASM-02,CORRECTIVE,General issue GB-02,Operator reported issue with GB-02.,2025-04-28T07:00:00,OPERATOR,TEAM-GEN,COMPLETED,UNKNOWN
WO-1110,CNC-02,LOC-MCH-02,CORRECTIVE,General issue CNC-02,Operator reported issue with CNC-02.,2025-07-25T10:00:00,OPERATOR,TEAM-GEN,COMPLETED,UNKNOWN
WO-1111,HPU-01,LOC-FAB-01,CORRECTIVE,General issue HPU-01,Operator reported issue with HPU-01.,2025-05-24T11:00:00,OPERATOR,TEAM-GEN,COMPLETED,UNKNOWN
WO-1112,LATHE-01,LOC-MCH-03,CORRECTIVE,General issue LATHE-01,Operator reported issue with LATHE-01.,2025-10-03T10:00:00,OPERATOR,TEAM-GEN,COMPLETED,UNKNOWN
WO-1113,CP-401,LOC-UTL-01,CORRECTIVE,Vibration issue on CP-401,Pump CP-401 is shaking badly.,2025-05-15T05:00:00,OPERATOR,TEAM-MECH,COMPLETED,BEARING_WEAR
WO-1114,TT-01,LOC-UTL-01,CORRECTIVE,General issue TT-01,Operator reported issue with TT-01.,2025-01-21T03:00:00,OPERATOR,TEAM-GEN,COMPLETED,UNKNOWN
WO-1115,CP-401,LOC-UTL-01,CORRECTIVE,Seal leak on CP-401,Water leaking from CP-401 mechanical seal.,2025-06-27T23:00:00,OPERATOR,TEAM-MECH,COMPLETED,SEAL_FAILURE
WO-1116,ROB-01,LOC-ASM-04,CORRECTIVE,General issue ROB-01,Operator reported issue with ROB-01.,2025-09-20T03:00:00,OPERATOR,TEAM-GEN,COMPLETED,UNKNOWN
WO-1117,MCC-01,LOC-UTL-01,CORRECTIVE,General issue MCC-01,Operator reported issue with MCC-01.,2025-05-12T01:00:00,OPERATOR,TEAM-GEN,COMPLETED,UNKNOWN
WO-1118,HPU-01,LOC-FAB-01,CORRECTIVE,General issue HPU-01,Operator reported issue with HPU-01.,2025-01-02T16:00:00,OPERATOR,TEAM-GEN,COMPLETED,UNKNOWN
WO-1119,CONV-02,LOC-ASM-02,CORRECTIVE,Belt slipping CONV-02,Conveyor CONV-02 belt slipping under load.,2025-07-07T13:00:00,OPERATOR,TEAM-MECH,COMPLETED,BELT_MISALIGNMENT
WO-1120,PT-01,LOC-UTL-02,CORRECTIVE,General issue PT-01,Operator reported issue with PT-01.,2025-06-11T21:00:00,OPERATOR,TEAM-GEN,COMPLETED,UNKNOWN
WO-1121,CNC-01,LOC-MCH-01,CORRECTIVE,General issue CNC-01,Operator reported issue with CNC-01.,2025-09-18T09:00:00,OPERATOR,TEAM-GEN,COMPLETED,UNKNOWN
WO-1122,PKG-02,LOC-PKG-02,CORRECTIVE,General issue PKG-02,Operator reported issue with PKG-02.,2025-06-18T12:00:00,OPERATOR,TEAM-GEN,COMPLETED,UNKNOWN
WO-1123,VFD-01,LOC-MCH-01,CORRECTIVE,General issue VFD-01,Operator reported issue with VFD-01.,2025-10-12T04:00:00,OPERATOR,TEAM-GEN,COMPLETED,UNKNOWN
WO-1124,PR-01,LOC-FAB-01,CORRECTIVE,General issue PR-01,Operator reported issue with PR-01.,2025-07-15T21:00:00,OPERATOR,TEAM-GEN,COMPLETED,UNKNOWN
WO-1125,MTR-02,LOC-UTL-01,CORRECTIVE,General issue MTR-02,Operator reported issue with MTR-02.,2025-10-20T09:00:00,OPERATOR,TEAM-GEN,COMPLETED,UNKNOWN
WO-1126,PKG-03,LOC-PKG-03,CORRECTIVE,General issue PKG-03,Operator reported issue with PKG-03.,2025-06-06T09:00:00,OPERATOR,TEAM-GEN,COMPLETED,UNKNOWN
WO-1127,CONV-03,LOC-ASM-03,CORRECTIVE,Roller seized CONV-03,"Loud scraping noise, roller stuck.",2025-10-25T19:00:00,OPERATOR,TEAM-MECH,COMPLETED,BEARING_FAILURE
WO-1128,CNC-01,LOC-MCH-01,CORRECTIVE,General issue CNC-01,Operator reported issue with CNC-01.,2025-08-28T14:00:00,OPERATOR,TEAM-GEN,COMPLETED,UNKNOWN
WO-1129,ROB-01,LOC-ASM-04,CORRECTIVE,General issue ROB-01,Operator reported issue with ROB-01.,2025-09-20T15:00:00,OPERATOR,TEAM-GEN,COMPLETED,UNKNOWN
