work_order_id,asset_id,location_id,work_order_type,title,description,created_at,requested_by,accepted_at,accepted_by,assigned_team,assigned_technician,status,failure_mode,failure_cause,corrective_action,total_hold_time,hold_reason,downtime_minutes,verified_at,verified_by,material_required,cancelled_at,cancellation_reason,related_pm_execution_id
WO-001,CP-400,LOC-UTL-01,PREVENTIVE,PM Vibration Check,Monthly vibration check on bearings,2025-01-10T07:00:00,MGR-001,2025-01-10T07:30:00,TECH-001,TEAM-MECH,TECH-001,COMPLETED,,,,0,,0,2025-01-10T10:00:00,,MGR-001,false,,PME-100
WO-002,CP-400,LOC-UTL-01,CORRECTIVE,Pump is shaking badly after startup,Operator noticed strong vibration from CP-400 after morning startup.,2025-01-11T06:15:00,OPERATOR,2025-01-11T06:30:00,MGR-001,TEAM-MECH,TECH-001,IN_PROGRESS,BEARING_WEAR,NORMAL_WEAR,,0,,60,,,true,,,
WO-003,CP-400,LOC-UTL-01,BREAKDOWN,Strong vibration from CP-400 pump,Pump CP-400 vibrating heavily.,2025-01-11T06:20:00,OPERATOR,,,,,CANCELLED,,,,0,,0,,,false,2025-01-11T06:35:00,Duplicate of WO-002,
WO-004,CP-400,LOC-UTL-01,CORRECTIVE,Abnormal noise on cooling water pump,Vibration reported.,2025-01-11T06:25:00,OPERATOR,,,,,CANCELLED,,,,0,,0,,,false,2025-01-11T06:35:00,Duplicate of WO-002,
WO-005,CP-400,LOC-UTL-01,CORRECTIVE,Motor temperature issue,Motor casing is running unusually hot. Independent of the vibration issue.,2025-01-12T09:00:00,OPERATOR,2025-01-12T09:15:00,MGR-001,TEAM-ELEC,TECH-004,OPEN,,,,0,,0,,,false,,,
WO-006,VFD-01,LOC-MCH-01,BREAKDOWN,VFD Fault Code F004,Spindle drive tripped on overcurrent.,2025-01-15T14:00:00,OPERATOR,2025-01-15T14:15:00,MGR-001,TEAM-ELEC,TECH-004,ON_HOLD,UNKNOWN,UNKNOWN,,120,Awaiting electrical schematics,180,,,false,,,
WO-007,CONV-01,LOC-ASM-01,BREAKDOWN,Belt slipping,Assembly conveyor belt is slipping under load.,2025-01-16T10:00:00,OPERATOR,2025-01-16T10:10:00,MGR-001,TEAM-MECH,TECH-002,COMPLETED,BELT_MISALIGNMENT,LOOSE_CONNECTION,REALIGNED_BELT,0,,45,2025-01-16T11:00:00,MGR-001,true,,,
WO-008,PR-01,LOC-FAB-01,CORRECTIVE,Hydraulic pressure drop,Press is not reaching full tonnage. Suspect seal leak.,2025-01-17T08:30:00,OPERATOR,2025-01-17T08:45:00,MGR-001,TEAM-MECH,TECH-002,OPEN,,,,0,,0,,,true,,,
WO-009,PR-01,LOC-FAB-01,CORRECTIVE,Press losing pressure during stroke,Tonnage dropping off during operation.,2025-01-17T08:35:00,OPERATOR,,,,,CANCELLED,,,,0,,0,,,false,2025-01-17T08:50:00,Duplicate of WO-008,
WO-010,PT-01,LOC-UTL-02,CORRECTIVE,Erratic pressure reading,Transmitter showing jumping values on SCADA.,2025-01-18T13:00:00,OPERATOR,2025-01-18T13:15:00,MGR-001,TEAM-INST,TECH-005,OPEN,,,,0,,0,,,false,,,
WO-011,CNC-02,LOC-MCH-02,BREAKDOWN,Machine won't start,No power to main control panel.,2025-01-19T07:00:00,OPERATOR,2025-01-19T07:15:00,MGR-001,TEAM-ELEC,TECH-006,IN_PROGRESS,UNKNOWN,UNKNOWN,,0,,120,,,true,,,
WO-012,PKG-01,LOC-PKG-01,CORRECTIVE,Air leak sound,Hissing noise from pneumatic manifold.,2025-01-20T11:00:00,OPERATOR,2025-01-20T11:15:00,MGR-001,TEAM-MECH,TECH-002,OPEN,,,,0,,0,,,true,,,
WO-013,COMP-01,LOC-UTL-02,PREVENTIVE,Filter Replacement,Quarterly PM.,2025-01-21T08:00:00,MGR-001,2025-01-21T08:15:00,TECH-008,TEAM-GEN,TECH-008,COMPLETED,,,,0,,0,2025-01-21T10:00:00,MGR-001,true,,,PME-103
WO-021,HPU-01,LOC-FAB-01,CORRECTIVE,Fluid leak,Puddle of hydraulic fluid forming under the main reservoir.,2025-01-22T09:00:00,OPERATOR,2025-01-22T09:15:00,MGR-001,TEAM-MECH,TECH-002,OPEN,,,,0,,0,,,false,,,
WO-022,CONV-01,LOC-ASM-01,BREAKDOWN,Drive unit tripping,Drive unit trips after 20 minutes of operation. Motor casing unusually hot.,2025-01-22T10:30:00,OPERATOR,2025-01-22T10:45:00,MGR-001,TEAM-ELEC,TECH-004,IN_PROGRESS,MOTOR_OVERHEATING,OVERHEATING,,0,,45,,,false,,,
WO-023,FT-01,LOC-UTL-01,CORRECTIVE,Erratic flow readings,SCADA screen showing erratic jumping values for cooling water flow but physical flow looks steady.,2025-01-23T08:15:00,OPERATOR,2025-01-23T08:30:00,MGR-001,TEAM-INST,TECH-005,OPEN,,,,0,,0,,,false,,,
WO-024,CONV-02,LOC-ASM-02,CORRECTIVE,Whining noise,Loud whining noise coming from the drive end of the conveyor.,2025-01-24T11:00:00,OPERATOR,2025-01-24T11:20:00,MGR-001,TEAM-MECH,TECH-001,OPEN,,,,0,,0,,,false,,,
WO-025,MCC-01,LOC-UTL-01,BREAKDOWN,Burning smell,Acrid burning smell near the MCC panel when Line 2 starts.,2025-01-24T14:00:00,OPERATOR,2025-01-24T14:05:00,MGR-001,TEAM-ELEC,TECH-006,IN_PROGRESS,UNKNOWN,OVERHEATING,,0,,120,,,false,,,
WO-026,PR-02,LOC-FAB-02,CORRECTIVE,Tonnage drift,Press won't reach full tonnage. Drifts down when held under load.,2025-01-25T07:30:00,OPERATOR,2025-01-25T07:45:00,MGR-001,TEAM-MECH,TECH-002,OPEN,,,,0,,0,,,false,,,
WO-027,ROB-01,LOC-ASM-04,BREAKDOWN,Arm over-travel,Robot arm moving past its home limit switch without stopping.,2025-01-26T15:00:00,OPERATOR,2025-01-26T15:15:00,MGR-001,TEAM-INST,TECH-005,IN_PROGRESS,SENSOR_FAILURE,COMPONENT_DEGRADATION,,0,,90,,,true,,,
WO-028,PKG-01,LOC-PKG-01,CORRECTIVE,Hissing air line,Air line hissing near the packaging cell.,2025-01-27T09:00:00,OPERATOR,2025-01-27T09:30:00,MGR-001,TEAM-GEN,TECH-009,OPEN,,,,0,,0,,,false,,,
WO-030,CP-400,LOC-UTL-01,CORRECTIVE,Pump CP-400 shaking badly,Pump CP-400 shaking badly.,2025-01-28T08:00:00,OPERATOR,2025-01-28T08:15:00,MGR-001,TEAM-MECH,TECH-001,IN_PROGRESS,BEARING_WEAR,NORMAL_WEAR,,0,,0,,,false,,,
WO-031,CP-400,LOC-UTL-01,CORRECTIVE,Abnormal vibration on cooling water pump A,Abnormal vibration on cooling water pump A.,2025-01-28T08:05:00,OPERATOR,,,,,CANCELLED,,,,0,,0,,,false,2025-01-28T08:20:00,Duplicate of WO-030,
WO-040,CONV-01,LOC-ASM-01,CORRECTIVE,Conveyor 1 belt slipping,Conveyor 1 belt slipping.,2025-01-29T10:00:00,OPERATOR,2025-01-29T10:15:00,MGR-001,TEAM-MECH,TECH-002,OPEN,,,,0,,0,,,false,,,
WO-041,CONV-01,LOC-ASM-01,CORRECTIVE,Conveyor 1 proximity sensor snapped off,Conveyor 1 proximity sensor snapped off.,2025-01-29T10:05:00,OPERATOR,2025-01-29T10:20:00,MGR-001,TEAM-INST,TECH-005,OPEN,,,,0,,0,,,true,,,
WO-050,VFD-01,LOC-MCH-01,BREAKDOWN,VFD-01 tripped on overcurrent,VFD-01 tripped on overcurrent.,2025-01-15T14:00:00,OPERATOR,2025-01-15T14:30:00,MGR-001,TEAM-ELEC,TECH-004,COMPLETED,UNKNOWN,UNKNOWN,REPAIRED_ELECTRICAL_CONNECTION,0,,120,2025-01-15T18:00:00,MGR-001,false,,,
WO-051,VFD-01,LOC-MCH-01,BREAKDOWN,VFD-01 tripped on overcurrent,VFD-01 tripped on overcurrent.,2025-03-10T11:00:00,OPERATOR,2025-03-10T11:15:00,MGR-001,TEAM-ELEC,TECH-004,IN_PROGRESS,UNKNOWN,UNKNOWN,,0,,60,,,false,,,
WO-060,PR-01,LOC-FAB-01,CORRECTIVE,Hydraulic press losing pressure,Hydraulic press losing pressure.,2025-02-05T09:00:00,OPERATOR,2025-02-05T09:15:00,MGR-001,TEAM-MECH,TECH-002,IN_PROGRESS,SEAL_FAILURE,NORMAL_WEAR,,0,,0,,,true,,,
WO-061,PR-01,LOC-FAB-01,CORRECTIVE,Press won't hold tonnage,Press won't hold tonnage.,2025-02-05T09:10:00,OPERATOR,,,,,CANCELLED,,,,0,,0,,,false,2025-02-05T09:30:00,Duplicate of WO-060,
WO-070,CP-402,LOC-UTL-01,CORRECTIVE,Chilled water pump leaking,Chilled water pump leaking.,2025-02-10T08:00:00,OPERATOR,2025-02-10T08:15:00,MGR-001,TEAM-MECH,TECH-001,OPEN,,,,0,,0,,,false,,,
WO-071,CP-400,LOC-UTL-01,CORRECTIVE,Cooling water pump leaking,Cooling water pump leaking.,2025-02-10T08:05:00,OPERATOR,2025-02-10T08:20:00,MGR-001,TEAM-MECH,TECH-001,OPEN,,,,0,,0,,,false,,,
WO-080,COMP-01,LOC-UTL-02,CORRECTIVE,Main compressor running hot,Main compressor running hot.,2025-02-12T14:00:00,OPERATOR,2025-02-12T14:15:00,MGR-001,TEAM-MECH,TECH-002,IN_PROGRESS,COOLING_FAILURE,CONTAMINATION,,0,,0,,,false,,,
WO-081,COMP-01,LOC-UTL-02,CORRECTIVE,Main compressor making loud knocking sound,Main compressor making loud knocking sound.,2025-02-12T14:10:00,OPERATOR,2025-02-12T14:20:00,MGR-001,TEAM-MECH,TECH-001,OPEN,,,,0,,0,,,false,,,
WO-090,CP-400,LOC-UTL-01,CORRECTIVE,Replace 6205 bearing,Replace 6205 bearing on pump drive end.,2025-02-15T09:00:00,MGR-001,2025-02-15T09:15:00,MGR-001,TEAM-MECH,TECH-001,OPEN,,,,0,,0,,,true,,,
WO-091,CNC-01,LOC-MCH-01,PREVENTIVE,Top up way oil on CNC,Top up way oil on CNC.,2025-02-16T08:00:00,MGR-001,2025-02-16T08:30:00,TECH-010,TEAM-GEN,TECH-010,OPEN,,,,0,,0,,,true,,,
WO-092,CP-400,LOC-UTL-01,CORRECTIVE,Fix snapped grid coupling on CP-400,Fix snapped grid coupling on CP-400.,2025-02-18T10:00:00,OPERATOR,2025-02-18T10:15:00,MGR-001,TEAM-MECH,TECH-001,OPEN,,,,0,,0,,,true,,,
WO-093,CONV-01,LOC-ASM-01,BREAKDOWN,Replace snapped limit switch on conveyor,Replace snapped limit switch on conveyor.,2025-02-20T11:00:00,OPERATOR,2025-02-20T11:15:00,MGR-001,TEAM-INST,TECH-005,OPEN,,,,0,,0,,,true,,,